"Respondent_ID","Age","Gender","Favorite_Music_Genre"
1,23,"Male","Rock"
2,29,"Prefer not to say","Pop"
3,26,"Non-binary","Hip-hop"
4,31,"Non-binary","Hip-hop"
5,32,"Male","Rock"
6,35,"Prefer not to say","Hip-hop"
7,34,"Prefer not to say","Pop"
8,32,"Male","Pop"
9,20,"Prefer not to say","Rock"
10,31,"Non-binary","Rock"
11,31,"Female","Jazz"
12,20,"Non-binary","Rock"
13,31,"Prefer not to say","Pop"
14,33,"Female","Pop"
15,24,"Non-binary","Pop"
16,20,"Female","Pop"
17,28,"Male","Rock"
18,34,"Female","Pop"
19,30,"Prefer not to say","Jazz"
20,34,"Non-binary","Jazz"
21,29,"Female","Hip-hop"
22,34,"Non-binary","Hip-hop"
23,29,"Non-binary","Pop"
24,33,"Male","Rock"
25,29,"Prefer not to say","Pop"
26,33,"Female","Jazz"
27,25,"Prefer not to say","Hip-hop"
28,21,"Prefer not to say","Hip-hop"
29,30,"Non-binary","Pop"
30,22,"Male","Jazz"
31,31,"Female","Rock"
32,23,"Male","Jazz"
33,30,"Non-binary","Jazz"
34,34,"Prefer not to say","Jazz"
35,34,"Non-binary","Jazz"
36,32,"Male","Jazz"
37,31,"Female","Pop"
38,31,"Prefer not to say","Pop"
39,22,"Female","Rock"
40,24,"Non-binary","Pop"
41,35,"Prefer not to say","Pop"
42,24,"Non-binary","Rock"
43,21,"Male","Pop"
44,26,"Non-binary","Pop"
45,33,"Female","Pop"
46,32,"Non-binary","Pop"
47,20,"Non-binary","Jazz"
48,35,"Female","Jazz"
49,25,"Non-binary","Pop"
50,21,"Female","Rock"
51,25,"Female","Pop"
52,35,"Male","Rock"
53,34,"Prefer not to say","Pop"
54,35,"Male","Hip-hop"
55,27,"Female","Rock"
56,34,"Male","Jazz"
57,32,"Prefer not to say","Pop"
58,26,"Male","Jazz"
59,31,"Prefer not to say","Rock"
60,29,"Non-binary","Rock"
61,21,"Female","Jazz"
62,22,"Male","Pop"
63,24,"Male","Hip-hop"
64,33,"Female","Hip-hop"
65,23,"Female","Hip-hop"
66,29,"Non-binary","Jazz"
67,21,"Prefer not to say","Pop"
68,20,"Male","Jazz"
69,29,"Non-binary","Pop"
70,23,"Non-binary","Hip-hop"
71,34,"Female","Rock"
72,23,"Female","Pop"
73,34,"Male","Pop"
74,30,"Non-binary","Pop"
75,31,"Non-binary","Jazz"
76,28,"Male","Jazz"
77,28,"Female","Hip-hop"
78,26,"Female","Pop"
79,33,"Non-binary","Jazz"
80,27,"Prefer not to say","Rock"
81,25,"Non-binary","Jazz"
82,28,"Prefer not to say","Jazz"
83,35,"Male","Hip-hop"
84,33,"Non-binary","Rock"
85,30,"Male","Jazz"
86,23,"Prefer not to say","Rock"
87,24,"Prefer not to say","Hip-hop"
88,27,"Prefer not to say","Hip-hop"
89,27,"Female","Pop"
90,35,"Female","Jazz"
91,25,"Prefer not to say","Hip-hop"
92,27,"Male","Rock"
93,24,"Non-binary","Rock"
94,35,"Non-binary","Rock"
95,26,"Male","Pop"
96,22,"Prefer not to say","Jazz"
97,27,"Prefer not to say","Pop"
98,29,"Non-binary","Hip-hop"
99,32,"Female","Rock"
100,31,"Non-binary","Rock"
101,21,"Male","Jazz"
102,23,"Non-binary","Jazz"
103,33,"Male","Rock"
104,35,"Non-binary","Jazz"
105,21,"Prefer not to say","Jazz"
106,26,"Non-binary","Pop"
107,27,"Female","Rock"
108,22,"Female","Hip-hop"
109,26,"Prefer not to say","Pop"
110,24,"Non-binary","Jazz"
111,31,"Non-binary","Pop"
112,24,"Female","Jazz"
113,35,"Male","Pop"
114,25,"Male","Pop"
115,27,"Female","Rock"
116,26,"Male","Hip-hop"
117,30,"Prefer not to say","Pop"
118,25,"Non-binary","Rock"
119,30,"Male","Jazz"
120,24,"Male","Rock"
121,22,"Female","Jazz"
122,33,"Non-binary","Rock"
123,26,"Prefer not to say","Hip-hop"
124,21,"Non-binary","Pop"
125,24,"Female","Jazz"
126,29,"Male","Rock"
127,27,"Male","Hip-hop"
128,29,"Prefer not to say","Rock"
129,22,"Male","Pop"
130,26,"Female","Jazz"
131,22,"Non-binary","Rock"
132,31,"Male","Hip-hop"
133,22,"Non-binary","Hip-hop"
134,30,"Non-binary","Jazz"
135,24,"Prefer not to say","Rock"
136,20,"Male","Jazz"
137,20,"Male","Jazz"
138,26,"Prefer not to say","Pop"
139,30,"Non-binary","Rock"
140,30,"Female","Jazz"
141,32,"Male","Rock"
142,28,"Male","Rock"
143,35,"Female","Rock"
144,33,"Non-binary","Hip-hop"
145,25,"Prefer not to say","Jazz"
146,29,"Female","Jazz"
147,22,"Male","Hip-hop"
148,21,"Female","Pop"
149,32,"Male","Rock"
150,21,"Non-binary","Pop"
151,25,"Male","Pop"
152,23,"Male","Rock"
153,29,"Male","Pop"
154,24,"Prefer not to say","Pop"
155,27,"Non-binary","Pop"
156,26,"Female","Rock"
157,34,"Male","Jazz"
158,29,"Prefer not to say","Hip-hop"
159,28,"Prefer not to say","Jazz"
160,21,"Male","Hip-hop"
161,29,"Male","Pop"
162,33,"Female","Rock"
163,30,"Non-binary","Hip-hop"
164,29,"Male","Jazz"
165,32,"Prefer not to say","Rock"
166,28,"Prefer not to say","Pop"
167,27,"Female","Jazz"
168,30,"Female","Rock"
169,22,"Female","Hip-hop"
170,35,"Prefer not to say","Pop"
171,23,"Male","Pop"
172,23,"Female","Rock"
173,22,"Non-binary","Hip-hop"
174,27,"Prefer not to say","Jazz"
175,26,"Female","Rock"
176,32,"Non-binary","Rock"
177,28,"Male","Jazz"
178,25,"Non-binary","Jazz"
179,30,"Prefer not to say","Pop"
180,23,"Female","Hip-hop"
181,26,"Female","Pop"
182,29,"Non-binary","Pop"
183,24,"Non-binary","Pop"
184,33,"Non-binary","Rock"
185,30,"Female","Hip-hop"
186,31,"Female","Pop"
187,23,"Male","Rock"
188,20,"Non-binary","Pop"
189,21,"Prefer not to say","Hip-hop"
190,27,"Non-binary","Jazz"
191,29,"Male","Jazz"
192,24,"Female","Jazz"
193,32,"Male","Hip-hop"
194,32,"Female","Jazz"
195,35,"Non-binary","Rock"
196,32,"Female","Jazz"
197,25,"Male","Pop"
198,29,"Prefer not to say","Rock"
199,23,"Female","Rock"
200,32,"Female","Jazz"
201,30,"Male","Hip-hop"
202,29,"Female","Pop"
203,30,"Prefer not to say","Rock"
204,34,"Male","Hip-hop"
205,20,"Prefer not to say","Rock"
206,33,"Prefer not to say","Jazz"
207,30,"Male","Jazz"
208,27,"Non-binary","Jazz"
209,34,"Female","Pop"
210,30,"Non-binary","Hip-hop"
211,20,"Prefer not to say","Pop"
212,27,"Prefer not to say","Rock"
213,23,"Prefer not to say","Rock"
214,27,"Male","Jazz"
215,27,"Female","Jazz"
216,30,"Non-binary","Jazz"
217,20,"Male","Jazz"
218,28,"Male","Pop"
219,30,"Non-binary","Jazz"
220,32,"Prefer not to say","Pop"
221,30,"Non-binary","Hip-hop"
222,33,"Prefer not to say","Hip-hop"
223,31,"Male","Rock"
224,21,"Female","Pop"
225,32,"Non-binary","Rock"
226,34,"Prefer not to say","Pop"
227,35,"Non-binary","Hip-hop"
228,26,"Female","Rock"
229,24,"Non-binary","Rock"
230,23,"Non-binary","Hip-hop"
231,30,"Female","Rock"
232,33,"Non-binary","Hip-hop"
233,21,"Female","Rock"
234,24,"Female","Hip-hop"
235,28,"Non-binary","Hip-hop"
236,20,"Prefer not to say","Hip-hop"
237,24,"Non-binary","Rock"
238,24,"Prefer not to say","Pop"
239,24,"Prefer not to say","Rock"
240,29,"Non-binary","Pop"
241,34,"Prefer not to say","Hip-hop"
242,24,"Male","Jazz"
243,21,"Male","Pop"
244,21,"Female","Pop"
245,20,"Non-binary","Pop"
246,23,"Male","Pop"
247,29,"Non-binary","Rock"
248,32,"Non-binary","Rock"
249,33,"Female","Jazz"
250,32,"Prefer not to say","Jazz"
251,30,"Prefer not to say","Rock"
252,27,"Non-binary","Hip-hop"
253,35,"Male","Hip-hop"
254,22,"Male","Hip-hop"
255,26,"Non-binary","Rock"
256,34,"Non-binary","Hip-hop"
257,25,"Non-binary","Pop"
258,31,"Prefer not to say","Hip-hop"
259,34,"Male","Jazz"
260,33,"Non-binary","Jazz"
261,24,"Prefer not to say","Jazz"
262,21,"Non-binary","Jazz"
263,20,"Non-binary","Pop"
264,35,"Male","Jazz"
265,35,"Non-binary","Hip-hop"
266,26,"Male","Pop"
267,27,"Female","Rock"
268,34,"Non-binary","Jazz"
269,33,"Prefer not to say","Jazz"
270,21,"Female","Pop"
271,30,"Male","Pop"
272,33,"Male","Hip-hop"
273,26,"Prefer not to say","Hip-hop"
274,29,"Male","Rock"
275,29,"Male","Pop"
276,22,"Female","Jazz"
277,28,"Male","Jazz"
278,31,"Female","Hip-hop"
279,23,"Male","Hip-hop"
280,25,"Male","Hip-hop"
281,33,"Prefer not to say","Hip-hop"
282,23,"Prefer not to say","Pop"
283,34,"Non-binary","Pop"
284,27,"Male","Rock"
285,22,"Non-binary","Jazz"
286,26,"Female","Pop"
287,20,"Female","Hip-hop"
288,20,"Female","Pop"
289,33,"Female","Pop"
290,32,"Male","Rock"
291,35,"Female","Jazz"
292,24,"Female","Hip-hop"
293,30,"Male","Pop"
294,32,"Male","Pop"
295,21,"Prefer not to say","Jazz"
296,33,"Male","Jazz"
297,33,"Prefer not to say","Hip-hop"
298,20,"Female","Rock"
299,24,"Non-binary","Jazz"
300,27,"Prefer not to say","Jazz"
301,33,"Non-binary","Pop"
302,30,"Non-binary","Hip-hop"
303,35,"Prefer not to say","Rock"
304,21,"Male","Rock"
305,34,"Non-binary","Pop"
306,33,"Male","Pop"
307,25,"Non-binary","Rock"
308,23,"Non-binary","Pop"
309,24,"Non-binary","Jazz"
310,32,"Male","Pop"
311,27,"Prefer not to say","Pop"
312,23,"Prefer not to say","Jazz"
313,20,"Male","Jazz"
314,28,"Female","Rock"
315,28,"Male","Pop"
316,27,"Prefer not to say","Rock"
317,31,"Non-binary","Hip-hop"
318,28,"Female","Rock"
319,26,"Female","Jazz"
320,32,"Prefer not to say","Hip-hop"
321,25,"Female","Hip-hop"
322,34,"Non-binary","Rock"
323,23,"Female","Hip-hop"
324,24,"Non-binary","Rock"
325,28,"Male","Rock"
326,24,"Female","Pop"
327,34,"Prefer not to say","Pop"
328,21,"Female","Rock"
329,24,"Male","Rock"
330,25,"Female","Hip-hop"
331,20,"Non-binary","Rock"
332,29,"Non-binary","Hip-hop"
333,22,"Prefer not to say","Rock"
334,35,"Non-binary","Hip-hop"
335,20,"Male","Hip-hop"
336,25,"Female","Pop"
337,31,"Prefer not to say","Rock"
338,25,"Female","Hip-hop"
339,23,"Male","Jazz"
340,20,"Female","Rock"
341,31,"Male","Pop"
342,35,"Male","Hip-hop"
343,26,"Male","Rock"
344,33,"Prefer not to say","Jazz"
345,30,"Male","Rock"
346,24,"Non-binary","Rock"
347,24,"Male","Pop"
348,30,"Prefer not to say","Jazz"
349,35,"Prefer not to say","Hip-hop"
350,32,"Prefer not to say","Pop"
351,35,"Prefer not to say","Rock"
352,24,"Non-binary","Jazz"
353,34,"Prefer not to say","Pop"
354,23,"Male","Pop"
355,24,"Non-binary","Pop"
356,35,"Prefer not to say","Jazz"
357,31,"Male","Rock"
358,28,"Male","Hip-hop"
359,21,"Prefer not to say","Hip-hop"
360,27,"Female","Rock"
361,22,"Prefer not to say","Rock"
362,26,"Prefer not to say","Rock"
363,32,"Non-binary","Pop"
364,30,"Non-binary","Pop"
365,30,"Male","Hip-hop"
366,31,"Non-binary","Rock"
367,30,"Prefer not to say","Jazz"
368,23,"Female","Jazz"
369,29,"Male","Pop"
370,22,"Male","Jazz"
371,23,"Male","Jazz"
372,24,"Non-binary","Rock"
373,31,"Female","Hip-hop"
374,26,"Non-binary","Rock"
375,35,"Non-binary","Rock"
376,20,"Non-binary","Rock"
377,20,"Female","Jazz"
378,35,"Prefer not to say","Pop"
379,21,"Male","Hip-hop"
380,25,"Male","Hip-hop"
381,23,"Male","Jazz"
382,21,"Non-binary","Pop"
383,25,"Female","Pop"
384,33,"Non-binary","Pop"
385,23,"Male","Rock"
386,34,"Male","Rock"
387,21,"Female","Rock"
388,28,"Male","Pop"
389,34,"Prefer not to say","Pop"
390,27,"Prefer not to say","Jazz"
391,23,"Non-binary","Hip-hop"
392,21,"Female","Rock"
393,20,"Female","Jazz"
394,35,"Male","Pop"
395,35,"Male","Pop"
396,29,"Prefer not to say","Jazz"
397,35,"Non-binary","Hip-hop"
398,20,"Male","Jazz"
399,26,"Male","Jazz"
400,33,"Non-binary","Pop"
